<?xml version="1.0" encoding="utf-8"?>
<resources>
    <color name="colorPrimary">#f40f12</color>
    <color name="colorPrimaryDark">#ba0710</color>
    <color name="colorAccent">#ffffff</color>
    <color name="black_overlay">#66a3a3a3</color>
    <color name="white">#f5ffffff</color>
    <color name="mainmatter">#d8f9f6</color>
    <color name="purple">#7c4dff</color>
    <color name="yellow">#ffb300</color>
    <color name="green">#00bfa5</color>
    <color name="darkblue">#2980b9</color>
    <color name="darkpurple">#a569bd</color>
    <color name="pinky">#fe104d</color>
    <color name="lightgray">#808080</color>
</resources>
