<resources>
    <string name="app_name">C++ Tutorials</string>
    <string name="navigation_drawer_open">Open navigation drawer</string>
    <string name="navigation_drawer_close">Close navigation drawer</string>
    <string name="action_settings">Settings</string>
    <string name="devby">Developed and Designed By:-VIMAL (CVS)</string>
    <string name="title_activity_fullscreen">FullscreenActivity</string>
    <string name="action_about">About Us</string>
    <string name="action_share">Share App</string>
    <string name="action_exit">Exit</string>
    <string name="dis">This app is useful for those who are Starting to Learn C++ Tutorials.</string>

</resources>
